Column1;lesson_group_id;course_id;conspect_expected;task_expected;lesson_number;wk_max_points;wk_task_count;wk_survival_training_expected;wk_scratch_playground_enabled;wk_attendance_tracking_enabled;wk_video_duration
7;5511;755;ЛОЖЬ;ИСТИНА;1 ;5 ;5 ;ЛОЖЬ;ЛОЖЬ;ЛОЖЬ;
269;5515;755;ЛОЖЬ;ИСТИНА;2 ;5 ;5 ;ЛОЖЬ;ЛОЖЬ;ЛОЖЬ;
261;5518;755;ЛОЖЬ;ИСТИНА;3 ;7 ;5 ;ЛОЖЬ;ЛОЖЬ;ЛОЖЬ;
273;5575;755;ЛОЖЬ;ИСТИНА;4 ;5 ;5 ;ЛОЖЬ;ЛОЖЬ;ЛОЖЬ;
201;5576;755;ЛОЖЬ;ИСТИНА;5 ;5 ;5 ;ЛОЖЬ;ЛОЖЬ;ЛОЖЬ;
278;5578;755;ЛОЖЬ;ИСТИНА;6 ;4 ;4 ;ЛОЖЬ;ЛОЖЬ;ЛОЖЬ;
266;5581;755;ЛОЖЬ;ИСТИНА;7 ;5 ;5 ;ЛОЖЬ;ЛОЖЬ;ЛОЖЬ;
263;5584;755;ЛОЖЬ;ЛОЖЬ;8 ;;;ЛОЖЬ;ЛОЖЬ;ЛОЖЬ;
320;5587;755;ЛОЖЬ;ЛОЖЬ;9 ;;;ЛОЖЬ;ЛОЖЬ;ЛОЖЬ;
328;5590;755;ЛОЖЬ;ЛОЖЬ;10 ;;;ЛОЖЬ;ЛОЖЬ;ЛОЖЬ;
353;5595;755;ЛОЖЬ;ИСТИНА;11 ;5 ;5 ;ЛОЖЬ;ЛОЖЬ;ЛОЖЬ;
186;5598;755;ЛОЖЬ;ИСТИНА;12 ;5 ;5 ;ЛОЖЬ;ЛОЖЬ;ЛОЖЬ;
192;5601;755;ЛОЖЬ;ЛОЖЬ;13 ;;;ЛОЖЬ;ЛОЖЬ;ЛОЖЬ;
193;5604;755;ЛОЖЬ;ЛОЖЬ;14 ;;;ЛОЖЬ;ЛОЖЬ;ЛОЖЬ;
110;5607;755;ЛОЖЬ;ЛОЖЬ;15 ;;;ЛОЖЬ;ЛОЖЬ;ЛОЖЬ;
51;5622;755;ЛОЖЬ;ИСТИНА;16 ;5 ;5 ;ЛОЖЬ;ЛОЖЬ;ЛОЖЬ;
89;5625;755;ЛОЖЬ;ЛОЖЬ;17 ;;;ЛОЖЬ;ЛОЖЬ;ЛОЖЬ;
100;5628;755;ЛОЖЬ;ЛОЖЬ;18 ;;;ЛОЖЬ;ЛОЖЬ;ЛОЖЬ;
157;5631;755;ЛОЖЬ;ЛОЖЬ;19 ;;;ЛОЖЬ;ЛОЖЬ;ЛОЖЬ;
146;5635;755;ЛОЖЬ;ЛОЖЬ;20 ;;;ЛОЖЬ;ЛОЖЬ;ЛОЖЬ;
132;5638;755;ЛОЖЬ;ЛОЖЬ;21 ;;;ЛОЖЬ;ЛОЖЬ;ЛОЖЬ;
97;5641;755;ЛОЖЬ;ЛОЖЬ;22 ;;;ЛОЖЬ;ЛОЖЬ;ЛОЖЬ;
206;5644;755;ЛОЖЬ;ЛОЖЬ;23 ;;;ЛОЖЬ;ЛОЖЬ;ЛОЖЬ;
268;5647;755;ЛОЖЬ;ЛОЖЬ;24 ;;;ЛОЖЬ;ЛОЖЬ;ЛОЖЬ;
197;5650;755;ЛОЖЬ;ЛОЖЬ;25 ;;;ЛОЖЬ;ЛОЖЬ;ЛОЖЬ;
211;5657;755;ЛОЖЬ;ЛОЖЬ;26 ;;;ЛОЖЬ;ЛОЖЬ;ЛОЖЬ;
185;5661;755;ЛОЖЬ;ЛОЖЬ;27 ;;;ЛОЖЬ;ЛОЖЬ;ЛОЖЬ;
224;5664;755;ЛОЖЬ;ЛОЖЬ;28 ;;;ЛОЖЬ;ЛОЖЬ;ЛОЖЬ;
226;5667;755;ЛОЖЬ;ЛОЖЬ;29 ;;;ЛОЖЬ;ЛОЖЬ;ЛОЖЬ;
194;5672;755;ЛОЖЬ;ЛОЖЬ;30 ;;;ЛОЖЬ;ЛОЖЬ;ЛОЖЬ;
38;5633;755;ЛОЖЬ;ЛОЖЬ;;;;ЛОЖЬ;ЛОЖЬ;ЛОЖЬ;6 
54;5585;755;ЛОЖЬ;ЛОЖЬ;;;;ЛОЖЬ;ЛОЖЬ;ЛОЖЬ;6 
79;5630;755;ЛОЖЬ;ЛОЖЬ;;;;ЛОЖЬ;ЛОЖЬ;ЛОЖЬ;6 
103;5514;755;ЛОЖЬ;ЛОЖЬ;;;;ЛОЖЬ;ЛОЖЬ;ЛОЖЬ;
104;5517;755;ЛОЖЬ;ЛОЖЬ;;;;ЛОЖЬ;ЛОЖЬ;ЛОЖЬ;
128;5577;755;ЛОЖЬ;ЛОЖЬ;;;;ЛОЖЬ;ЛОЖЬ;ЛОЖЬ;
177;5658;755;ЛОЖЬ;ЛОЖЬ;;;;ЛОЖЬ;ЛОЖЬ;ЛОЖЬ;
180;5605;755;ЛОЖЬ;ЛОЖЬ;;;;ЛОЖЬ;ЛОЖЬ;ЛОЖЬ;7 
183;5660;755;ЛОЖЬ;ЛОЖЬ;;;;ЛОЖЬ;ЛОЖЬ;ЛОЖЬ;
191;5659;755;ЛОЖЬ;ЛОЖЬ;;;;ЛОЖЬ;ЛОЖЬ;ЛОЖЬ;7 
196;5580;755;ЛОЖЬ;ЛОЖЬ;;;;ЛОЖЬ;ЛОЖЬ;ЛОЖЬ;
207;5648;755;ЛОЖЬ;ЛОЖЬ;;;;ЛОЖЬ;ЛОЖЬ;ЛОЖЬ;
212;5662;755;ЛОЖЬ;ЛОЖЬ;;;;ЛОЖЬ;ЛОЖЬ;ЛОЖЬ;
223;5656;755;ЛОЖЬ;ЛОЖЬ;;;;ЛОЖЬ;ЛОЖЬ;ЛОЖЬ;
225;5665;755;ЛОЖЬ;ЛОЖЬ;;;;ЛОЖЬ;ЛОЖЬ;ЛОЖЬ;
227;5669;755;ЛОЖЬ;ЛОЖЬ;;;;ЛОЖЬ;ЛОЖЬ;ЛОЖЬ;
244;5642;755;ЛОЖЬ;ЛОЖЬ;;;;ЛОЖЬ;ЛОЖЬ;ЛОЖЬ;5 
262;5597;755;ЛОЖЬ;ЛОЖЬ;;;;ЛОЖЬ;ЛОЖЬ;ЛОЖЬ;8 
265;5591;755;ЛОЖЬ;ЛОЖЬ;;5 ;5 ;ЛОЖЬ;ЛОЖЬ;ЛОЖЬ;
272;5673;755;ЛОЖЬ;ЛОЖЬ;;;;ЛОЖЬ;ЛОЖЬ;ЛОЖЬ;
277;5516;755;ЛОЖЬ;ЛОЖЬ;;;;ЛОЖЬ;ЛОЖЬ;ЛОЖЬ;
280;5620;755;ЛОЖЬ;ЛОЖЬ;;;;ЛОЖЬ;ЛОЖЬ;ЛОЖЬ;5 
283;5621;755;ЛОЖЬ;ЛОЖЬ;;;;ЛОЖЬ;ЛОЖЬ;ЛОЖЬ;10 
284;5507;755;ЛОЖЬ;ЛОЖЬ;;;;ЛОЖЬ;ЛОЖЬ;ЛОЖЬ;
285;5596;755;ЛОЖЬ;ЛОЖЬ;;;;ЛОЖЬ;ЛОЖЬ;ЛОЖЬ;6 
286;5510;755;ЛОЖЬ;ЛОЖЬ;;;;ЛОЖЬ;ЛОЖЬ;ЛОЖЬ;
291;5589;755;ЛОЖЬ;ЛОЖЬ;;;;ЛОЖЬ;ЛОЖЬ;ЛОЖЬ;8 
299;5632;755;ЛОЖЬ;ЛОЖЬ;;;;ЛОЖЬ;ЛОЖЬ;ЛОЖЬ;4 
315;5599;755;ЛОЖЬ;ЛОЖЬ;;;;ЛОЖЬ;ЛОЖЬ;ЛОЖЬ;5 
321;5629;755;ЛОЖЬ;ЛОЖЬ;;;;ЛОЖЬ;ЛОЖЬ;ЛОЖЬ;5 
323;5586;755;ЛОЖЬ;ЛОЖЬ;;;;ЛОЖЬ;ЛОЖЬ;ЛОЖЬ;7 
324;5606;755;ЛОЖЬ;ЛОЖЬ;;;;ЛОЖЬ;ЛОЖЬ;ЛОЖЬ;8 
362;5583;755;ЛОЖЬ;ЛОЖЬ;;;;ЛОЖЬ;ЛОЖЬ;ЛОЖЬ;1 
363;5634;755;ЛОЖЬ;ЛОЖЬ;;;;ЛОЖЬ;ЛОЖЬ;ЛОЖЬ;4 
364;5602;755;ЛОЖЬ;ЛОЖЬ;;;;ЛОЖЬ;ЛОЖЬ;ЛОЖЬ;10 
367;5670;755;ЛОЖЬ;ЛОЖЬ;;;;ЛОЖЬ;ЛОЖЬ;ЛОЖЬ;
397;5519;755;ЛОЖЬ;ЛОЖЬ;;;;ЛОЖЬ;ЛОЖЬ;ЛОЖЬ;
398;5521;755;ЛОЖЬ;ЛОЖЬ;;;;ЛОЖЬ;ЛОЖЬ;ЛОЖЬ;
409;5603;755;ЛОЖЬ;ЛОЖЬ;;;;ЛОЖЬ;ЛОЖЬ;ЛОЖЬ;6 
424;5671;755;ЛОЖЬ;ЛОЖЬ;;;;ЛОЖЬ;ЛОЖЬ;ЛОЖЬ;
439;5513;755;ЛОЖЬ;ЛОЖЬ;;;;ЛОЖЬ;ЛОЖЬ;ЛОЖЬ;
462;5582;755;ЛОЖЬ;ЛОЖЬ;;;;ЛОЖЬ;ЛОЖЬ;ЛОЖЬ;
467;5592;755;ЛОЖЬ;ЛОЖЬ;;;;ЛОЖЬ;ЛОЖЬ;ЛОЖЬ;5 
471;5626;755;ЛОЖЬ;ЛОЖЬ;;;;ЛОЖЬ;ЛОЖЬ;ЛОЖЬ;3 
479;5655;755;ЛОЖЬ;ЛОЖЬ;;;;ЛОЖЬ;ЛОЖЬ;ЛОЖЬ;
480;5623;755;ЛОЖЬ;ЛОЖЬ;;;;ЛОЖЬ;ЛОЖЬ;ЛОЖЬ;11 
487;5522;755;ЛОЖЬ;ЛОЖЬ;;;;ЛОЖЬ;ЛОЖЬ;ЛОЖЬ;
501;5645;755;ЛОЖЬ;ЛОЖЬ;;;;ЛОЖЬ;ЛОЖЬ;ЛОЖЬ;6 
504;5600;755;ЛОЖЬ;ЛОЖЬ;;;;ЛОЖЬ;ЛОЖЬ;ЛОЖЬ;8 
507;5663;755;ЛОЖЬ;ЛОЖЬ;;;;ЛОЖЬ;ЛОЖЬ;ЛОЖЬ;
508;5509;755;ЛОЖЬ;ЛОЖЬ;;;;ЛОЖЬ;ЛОЖЬ;ЛОЖЬ;
513;5594;755;ЛОЖЬ;ЛОЖЬ;;;;ЛОЖЬ;ЛОЖЬ;ЛОЖЬ;3 
517;5636;755;ЛОЖЬ;ЛОЖЬ;;;;ЛОЖЬ;ЛОЖЬ;ЛОЖЬ;
518;5639;755;ЛОЖЬ;ЛОЖЬ;;;;ЛОЖЬ;ЛОЖЬ;ЛОЖЬ;5 
526;5579;755;ЛОЖЬ;ЛОЖЬ;;;;ЛОЖЬ;ЛОЖЬ;ЛОЖЬ;
527;5624;755;ЛОЖЬ;ЛОЖЬ;;;;ЛОЖЬ;ЛОЖЬ;ЛОЖЬ;5 
529;5627;755;ЛОЖЬ;ЛОЖЬ;;;;ЛОЖЬ;ЛОЖЬ;ЛОЖЬ;6 
533;5512;755;ЛОЖЬ;ЛОЖЬ;;0 ;0 ;ЛОЖЬ;ЛОЖЬ;ЛОЖЬ;
537;5520;755;ЛОЖЬ;ЛОЖЬ;;;;ЛОЖЬ;ЛОЖЬ;ЛОЖЬ;
543;5588;755;ЛОЖЬ;ЛОЖЬ;;;;ЛОЖЬ;ЛОЖЬ;ЛОЖЬ;4 
544;5666;755;ЛОЖЬ;ЛОЖЬ;;;;ЛОЖЬ;ЛОЖЬ;ЛОЖЬ;
548;5640;755;ЛОЖЬ;ЛОЖЬ;;;;ЛОЖЬ;ЛОЖЬ;ЛОЖЬ;5 
550;5649;755;ЛОЖЬ;ЛОЖЬ;;;;ЛОЖЬ;ЛОЖЬ;ЛОЖЬ;4 
551;5643;755;ЛОЖЬ;ЛОЖЬ;;;;ЛОЖЬ;ЛОЖЬ;ЛОЖЬ;5 
557;5646;755;ЛОЖЬ;ЛОЖЬ;;;;ЛОЖЬ;ЛОЖЬ;ЛОЖЬ;
563;5668;755;ЛОЖЬ;ЛОЖЬ;;;;ЛОЖЬ;ЛОЖЬ;ЛОЖЬ;
565;5637;755;ЛОЖЬ;ЛОЖЬ;;;;ЛОЖЬ;ЛОЖЬ;ЛОЖЬ;5 
567;5593;755;ЛОЖЬ;ЛОЖЬ;;;;ЛОЖЬ;ЛОЖЬ;ЛОЖЬ;5 
63;5527;756;ЛОЖЬ;ИСТИНА;1 ;6 ;3 ;ЛОЖЬ;ЛОЖЬ;ЛОЖЬ;
311;5530;756;ЛОЖЬ;ИСТИНА;2 ;5 ;5 ;ЛОЖЬ;ЛОЖЬ;ЛОЖЬ;
87;5533;756;ЛОЖЬ;ИСТИНА;3 ;5 ;5 ;ЛОЖЬ;ЛОЖЬ;ЛОЖЬ;
195;5537;756;ЛОЖЬ;ИСТИНА;4 ;5 ;5 ;ЛОЖЬ;ЛОЖЬ;ЛОЖЬ;
74;5541;756;ЛОЖЬ;ИСТИНА;5 ;5 ;5 ;ЛОЖЬ;ЛОЖЬ;ЛОЖЬ;
72;5545;756;ЛОЖЬ;ИСТИНА;6 ;5 ;5 ;ЛОЖЬ;ЛОЖЬ;ЛОЖЬ;
94;5547;756;ЛОЖЬ;ИСТИНА;7 ;5 ;5 ;ЛОЖЬ;ЛОЖЬ;ЛОЖЬ;
42;5608;756;ЛОЖЬ;ИСТИНА;8 ;5 ;5 ;ЛОЖЬ;ЛОЖЬ;ЛОЖЬ;
105;5609;756;ЛОЖЬ;ИСТИНА;9 ;5 ;5 ;ЛОЖЬ;ЛОЖЬ;ЛОЖЬ;
138;5676;756;ЛОЖЬ;ИСТИНА;10 ;5 ;5 ;ЛОЖЬ;ЛОЖЬ;ЛОЖЬ;
139;5681;756;ЛОЖЬ;ИСТИНА;11 ;5 ;5 ;ЛОЖЬ;ЛОЖЬ;ЛОЖЬ;
33;5684;756;ЛОЖЬ;ИСТИНА;12 ;5 ;5 ;ЛОЖЬ;ЛОЖЬ;ЛОЖЬ;
141;5687;756;ЛОЖЬ;ИСТИНА;13 ;5 ;5 ;ЛОЖЬ;ЛОЖЬ;ЛОЖЬ;
151;5690;756;ЛОЖЬ;ИСТИНА;14 ;5 ;5 ;ЛОЖЬ;ЛОЖЬ;ЛОЖЬ;
188;5695;756;ЛОЖЬ;ИСТИНА;15 ;5 ;5 ;ЛОЖЬ;ЛОЖЬ;ЛОЖЬ;
147;5698;756;ЛОЖЬ;ИСТИНА;16 ;5 ;5 ;ЛОЖЬ;ЛОЖЬ;ЛОЖЬ;
247;5701;756;ЛОЖЬ;ИСТИНА;17 ;6 ;5 ;ЛОЖЬ;ЛОЖЬ;ЛОЖЬ;
253;5704;756;ЛОЖЬ;ИСТИНА;18 ;5 ;5 ;ЛОЖЬ;ЛОЖЬ;ЛОЖЬ;
267;5707;756;ЛОЖЬ;ИСТИНА;19 ;5 ;5 ;ЛОЖЬ;ЛОЖЬ;ЛОЖЬ;
158;5710;756;ЛОЖЬ;ИСТИНА;20 ;5 ;5 ;ЛОЖЬ;ЛОЖЬ;ЛОЖЬ;
155;5713;756;ЛОЖЬ;ЛОЖЬ;21 ;;;ЛОЖЬ;ЛОЖЬ;ЛОЖЬ;
140;5716;756;ЛОЖЬ;ЛОЖЬ;22 ;;;ЛОЖЬ;ЛОЖЬ;ЛОЖЬ;
176;5719;756;ЛОЖЬ;ЛОЖЬ;23 ;;;ЛОЖЬ;ЛОЖЬ;ЛОЖЬ;
200;5722;756;ЛОЖЬ;ЛОЖЬ;24 ;;;ЛОЖЬ;ЛОЖЬ;ЛОЖЬ;
204;5725;756;ЛОЖЬ;ЛОЖЬ;25 ;;;ЛОЖЬ;ЛОЖЬ;ЛОЖЬ;
184;5729;756;ЛОЖЬ;ЛОЖЬ;26 ;;;ЛОЖЬ;ЛОЖЬ;ЛОЖЬ;
214;5734;756;ЛОЖЬ;ЛОЖЬ;27 ;;;ЛОЖЬ;ЛОЖЬ;ЛОЖЬ;
44;5738;756;ЛОЖЬ;ЛОЖЬ;28 ;;;ЛОЖЬ;ЛОЖЬ;ЛОЖЬ;
46;5742;756;ЛОЖЬ;ЛОЖЬ;29 ;;;ЛОЖЬ;ЛОЖЬ;ЛОЖЬ;
47;5745;756;ЛОЖЬ;ЛОЖЬ;30 ;;;ЛОЖЬ;ЛОЖЬ;ЛОЖЬ;
18;5535;756;ЛОЖЬ;ЛОЖЬ;;;;ЛОЖЬ;ЛОЖЬ;ЛОЖЬ;
43;5746;756;ЛОЖЬ;ЛОЖЬ;;;;ЛОЖЬ;ЛОЖЬ;ЛОЖЬ;
80;5529;756;ЛОЖЬ;ЛОЖЬ;;;;ЛОЖЬ;ЛОЖЬ;ЛОЖЬ;
81;5540;756;ЛОЖЬ;ЛОЖЬ;;;;ЛОЖЬ;ЛОЖЬ;ЛОЖЬ;
85;5674;756;ЛОЖЬ;ЛОЖЬ;;;;ЛОЖЬ;ЛОЖЬ;ЛОЖЬ;1 
109;5675;756;ЛОЖЬ;ЛОЖЬ;;;;ЛОЖЬ;ЛОЖЬ;ЛОЖЬ;5 
135;5677;756;ЛОЖЬ;ЛОЖЬ;;5 ;5 ;ЛОЖЬ;ЛОЖЬ;ЛОЖЬ;
145;5679;756;ЛОЖЬ;ЛОЖЬ;;;;ЛОЖЬ;ЛОЖЬ;ЛОЖЬ;5 
149;5688;756;ЛОЖЬ;ЛОЖЬ;;;;ЛОЖЬ;ЛОЖЬ;ЛОЖЬ;6 
159;5706;756;ЛОЖЬ;ЛОЖЬ;;;;ЛОЖЬ;ЛОЖЬ;ЛОЖЬ;7 
172;5680;756;ЛОЖЬ;ЛОЖЬ;;;;ЛОЖЬ;ЛОЖЬ;ЛОЖЬ;4 
190;5700;756;ЛОЖЬ;ЛОЖЬ;;;;ЛОЖЬ;ЛОЖЬ;ЛОЖЬ;4 
209;5711;756;ЛОЖЬ;ЛОЖЬ;;;;ЛОЖЬ;ЛОЖЬ;ЛОЖЬ;6 
210;5702;756;ЛОЖЬ;ЛОЖЬ;;;;ЛОЖЬ;ЛОЖЬ;ЛОЖЬ;6 
215;5733;756;ЛОЖЬ;ЛОЖЬ;;;;ЛОЖЬ;ЛОЖЬ;ЛОЖЬ;
218;5539;756;ЛОЖЬ;ЛОЖЬ;;;;ЛОЖЬ;ЛОЖЬ;ЛОЖЬ;
220;5683;756;ЛОЖЬ;ЛОЖЬ;;;;ЛОЖЬ;ЛОЖЬ;ЛОЖЬ;4 
222;5736;756;ЛОЖЬ;ЛОЖЬ;;;;ЛОЖЬ;ЛОЖЬ;ЛОЖЬ;
259;5739;756;ЛОЖЬ;ЛОЖЬ;;;;ЛОЖЬ;ЛОЖЬ;ЛОЖЬ;
260;5741;756;ЛОЖЬ;ЛОЖЬ;;;;ЛОЖЬ;ЛОЖЬ;ЛОЖЬ;
275;5737;756;ЛОЖЬ;ЛОЖЬ;;;;ЛОЖЬ;ЛОЖЬ;ЛОЖЬ;
287;5682;756;ЛОЖЬ;ЛОЖЬ;;;;ЛОЖЬ;ЛОЖЬ;ЛОЖЬ;6 
288;5694;756;ЛОЖЬ;ЛОЖЬ;;;;ЛОЖЬ;ЛОЖЬ;ЛОЖЬ;7 
292;5730;756;ЛОЖЬ;ЛОЖЬ;;;;ЛОЖЬ;ЛОЖЬ;ЛОЖЬ;6 
293;5743;756;ЛОЖЬ;ЛОЖЬ;;;;ЛОЖЬ;ЛОЖЬ;ЛОЖЬ;
294;5744;756;ЛОЖЬ;ЛОЖЬ;;;;ЛОЖЬ;ЛОЖЬ;ЛОЖЬ;
296;5717;756;ЛОЖЬ;ЛОЖЬ;;;;ЛОЖЬ;ЛОЖЬ;ЛОЖЬ;3 
297;5723;756;ЛОЖЬ;ЛОЖЬ;;;;ЛОЖЬ;ЛОЖЬ;ЛОЖЬ;
298;5720;756;ЛОЖЬ;ЛОЖЬ;;;;ЛОЖЬ;ЛОЖЬ;ЛОЖЬ;
306;5544;756;ЛОЖЬ;ЛОЖЬ;;;;ЛОЖЬ;ЛОЖЬ;ЛОЖЬ;
308;5740;756;ЛОЖЬ;ЛОЖЬ;;;;ЛОЖЬ;ЛОЖЬ;ЛОЖЬ;
310;5525;756;ЛОЖЬ;ЛОЖЬ;;;;ЛОЖЬ;ЛОЖЬ;ЛОЖЬ;
313;5697;756;ЛОЖЬ;ЛОЖЬ;;;;ЛОЖЬ;ЛОЖЬ;ЛОЖЬ;6 
317;5689;756;ЛОЖЬ;ЛОЖЬ;;;;ЛОЖЬ;ЛОЖЬ;ЛОЖЬ;6 
326;5708;756;ЛОЖЬ;ЛОЖЬ;;;;ЛОЖЬ;ЛОЖЬ;ЛОЖЬ;5 
333;5728;756;ЛОЖЬ;ЛОЖЬ;;;;ЛОЖЬ;ЛОЖЬ;ЛОЖЬ;
336;5699;756;ЛОЖЬ;ЛОЖЬ;;;;ЛОЖЬ;ЛОЖЬ;ЛОЖЬ;1 
338;5686;756;ЛОЖЬ;ЛОЖЬ;;;;ЛОЖЬ;ЛОЖЬ;ЛОЖЬ;7 
343;5685;756;ЛОЖЬ;ЛОЖЬ;;;;ЛОЖЬ;ЛОЖЬ;ЛОЖЬ;5 
356;5709;756;ЛОЖЬ;ЛОЖЬ;;;;ЛОЖЬ;ЛОЖЬ;ЛОЖЬ;5 
359;5696;756;ЛОЖЬ;ЛОЖЬ;;;;ЛОЖЬ;ЛОЖЬ;ЛОЖЬ;7 
371;5712;756;ЛОЖЬ;ЛОЖЬ;;;;ЛОЖЬ;ЛОЖЬ;ЛОЖЬ;9 
374;5714;756;ЛОЖЬ;ЛОЖЬ;;;;ЛОЖЬ;ЛОЖЬ;ЛОЖЬ;4 
377;5721;756;ЛОЖЬ;ЛОЖЬ;;;;ЛОЖЬ;ЛОЖЬ;ЛОЖЬ;
378;5724;756;ЛОЖЬ;ЛОЖЬ;;;;ЛОЖЬ;ЛОЖЬ;ЛОЖЬ;
379;5718;756;ЛОЖЬ;ЛОЖЬ;;;;ЛОЖЬ;ЛОЖЬ;ЛОЖЬ;
387;5715;756;ЛОЖЬ;ЛОЖЬ;;;;ЛОЖЬ;ЛОЖЬ;ЛОЖЬ;8 
390;5732;756;ЛОЖЬ;ЛОЖЬ;;;;ЛОЖЬ;ЛОЖЬ;ЛОЖЬ;
392;5526;756;ЛОЖЬ;ЛОЖЬ;;;;ЛОЖЬ;ЛОЖЬ;ЛОЖЬ;
393;5532;756;ЛОЖЬ;ЛОЖЬ;;;;ЛОЖЬ;ЛОЖЬ;ЛОЖЬ;
394;5536;756;ЛОЖЬ;ЛОЖЬ;;;;ЛОЖЬ;ЛОЖЬ;ЛОЖЬ;
395;5531;756;ЛОЖЬ;ЛОЖЬ;;;;ЛОЖЬ;ЛОЖЬ;ЛОЖЬ;
401;5549;756;ЛОЖЬ;ЛОЖЬ;;;;ЛОЖЬ;ЛОЖЬ;ЛОЖЬ;5 
407;5546;756;ЛОЖЬ;ЛОЖЬ;;;;ЛОЖЬ;ЛОЖЬ;ЛОЖЬ;6 
414;5726;756;ЛОЖЬ;ЛОЖЬ;;;;ЛОЖЬ;ЛОЖЬ;ЛОЖЬ;6 
426;5703;756;ЛОЖЬ;ЛОЖЬ;;;;ЛОЖЬ;ЛОЖЬ;ЛОЖЬ;6 
427;5693;756;ЛОЖЬ;ЛОЖЬ;;;;ЛОЖЬ;ЛОЖЬ;ЛОЖЬ;6 
433;5705;756;ЛОЖЬ;ЛОЖЬ;;;;ЛОЖЬ;ЛОЖЬ;ЛОЖЬ;6 
434;5727;756;ЛОЖЬ;ЛОЖЬ;;;;ЛОЖЬ;ЛОЖЬ;ЛОЖЬ;5 
436;5731;756;ЛОЖЬ;ЛОЖЬ;;;;ЛОЖЬ;ЛОЖЬ;ЛОЖЬ;
484;5735;756;ЛОЖЬ;ЛОЖЬ;;;;ЛОЖЬ;ЛОЖЬ;ЛОЖЬ;
488;5538;756;ЛОЖЬ;ЛОЖЬ;;;;ЛОЖЬ;ЛОЖЬ;ЛОЖЬ;
493;5543;756;ЛОЖЬ;ЛОЖЬ;;;;ЛОЖЬ;ЛОЖЬ;ЛОЖЬ;
494;5523;756;ЛОЖЬ;ЛОЖЬ;;;;ЛОЖЬ;ЛОЖЬ;ЛОЖЬ;
510;5534;756;ЛОЖЬ;ЛОЖЬ;;;;ЛОЖЬ;ЛОЖЬ;ЛОЖЬ;
523;5542;756;ЛОЖЬ;ЛОЖЬ;;;;ЛОЖЬ;ЛОЖЬ;ЛОЖЬ;
566;5548;756;ЛОЖЬ;ЛОЖЬ;;;;ЛОЖЬ;ЛОЖЬ;ЛОЖЬ;4 
572;5528;756;ЛОЖЬ;ЛОЖЬ;;;;ЛОЖЬ;ЛОЖЬ;ЛОЖЬ;
13;5555;757;ЛОЖЬ;ИСТИНА;1 ;5 ;5 ;ЛОЖЬ;ЛОЖЬ;ЛОЖЬ;
312;5558;757;ЛОЖЬ;ИСТИНА;2 ;7 ;5 ;ЛОЖЬ;ЛОЖЬ;ЛОЖЬ;
71;5561;757;ЛОЖЬ;ИСТИНА;3 ;5 ;5 ;ЛОЖЬ;ЛОЖЬ;ЛОЖЬ;
65;5564;757;ЛОЖЬ;ИСТИНА;4 ;6 ;6 ;ЛОЖЬ;ЛОЖЬ;ЛОЖЬ;
290;5567;757;ЛОЖЬ;ИСТИНА;5 ;5 ;5 ;ЛОЖЬ;ЛОЖЬ;ЛОЖЬ;
76;5610;757;ЛОЖЬ;ИСТИНА;6 ;5 ;5 ;ЛОЖЬ;ЛОЖЬ;ЛОЖЬ;
124;5750;757;ЛОЖЬ;ИСТИНА;7 ;7 ;5 ;ЛОЖЬ;ЛОЖЬ;ЛОЖЬ;
49;5753;757;ЛОЖЬ;ИСТИНА;8 ;5 ;5 ;ЛОЖЬ;ЛОЖЬ;ЛОЖЬ;
130;5756;757;ЛОЖЬ;ИСТИНА;9 ;5 ;5 ;ЛОЖЬ;ЛОЖЬ;ЛОЖЬ;
137;5759;757;ЛОЖЬ;ИСТИНА;10 ;5 ;5 ;ЛОЖЬ;ЛОЖЬ;ЛОЖЬ;
330;5763;757;ЛОЖЬ;ИСТИНА;11 ;5 ;5 ;ЛОЖЬ;ЛОЖЬ;ЛОЖЬ;
144;5766;757;ЛОЖЬ;ИСТИНА;12 ;5 ;5 ;ЛОЖЬ;ЛОЖЬ;ЛОЖЬ;
41;5769;757;ЛОЖЬ;ИСТИНА;13 ;5 ;5 ;ЛОЖЬ;ЛОЖЬ;ЛОЖЬ;
228;5772;757;ЛОЖЬ;ЛОЖЬ;14 ;;;ЛОЖЬ;ЛОЖЬ;ЛОЖЬ;
50;5775;757;ЛОЖЬ;ИСТИНА;15 ;5 ;5 ;ЛОЖЬ;ЛОЖЬ;ЛОЖЬ;
118;5778;757;ЛОЖЬ;ЛОЖЬ;16 ;;;ЛОЖЬ;ЛОЖЬ;ЛОЖЬ;
150;5781;757;ЛОЖЬ;ЛОЖЬ;17 ;;;ЛОЖЬ;ЛОЖЬ;ЛОЖЬ;
153;5785;757;ЛОЖЬ;ЛОЖЬ;18 ;;;ЛОЖЬ;ЛОЖЬ;ЛОЖЬ;
131;5789;757;ЛОЖЬ;ЛОЖЬ;19 ;;;ЛОЖЬ;ЛОЖЬ;ЛОЖЬ;
52;5792;757;ЛОЖЬ;ЛОЖЬ;20 ;;;ЛОЖЬ;ЛОЖЬ;ЛОЖЬ;
125;5795;757;ЛОЖЬ;ЛОЖЬ;21 ;;;ЛОЖЬ;ЛОЖЬ;ЛОЖЬ;
143;5798;757;ЛОЖЬ;ЛОЖЬ;22 ;;;ЛОЖЬ;ЛОЖЬ;ЛОЖЬ;
327;5801;757;ЛОЖЬ;ЛОЖЬ;23 ;;;ЛОЖЬ;ЛОЖЬ;ЛОЖЬ;
199;5805;757;ЛОЖЬ;ЛОЖЬ;24 ;;;ЛОЖЬ;ЛОЖЬ;ЛОЖЬ;
208;5808;757;ЛОЖЬ;ЛОЖЬ;25 ;;;ЛОЖЬ;ЛОЖЬ;ЛОЖЬ;
331;5811;757;ЛОЖЬ;ЛОЖЬ;26 ;;;ЛОЖЬ;ЛОЖЬ;ЛОЖЬ;
246;5814;757;ЛОЖЬ;ЛОЖЬ;27 ;;;ЛОЖЬ;ЛОЖЬ;ЛОЖЬ;
236;5817;757;ЛОЖЬ;ЛОЖЬ;28 ;;;ЛОЖЬ;ЛОЖЬ;ЛОЖЬ;
254;5820;757;ЛОЖЬ;ЛОЖЬ;29 ;;;ЛОЖЬ;ЛОЖЬ;ЛОЖЬ;
126;5823;757;ЛОЖЬ;ЛОЖЬ;30 ;;;ЛОЖЬ;ЛОЖЬ;ЛОЖЬ;
0;5553;757;ЛОЖЬ;ЛОЖЬ;;;;ЛОЖЬ;ЛОЖЬ;ЛОЖЬ;
19;5562;757;ЛОЖЬ;ЛОЖЬ;;;;ЛОЖЬ;ЛОЖЬ;ЛОЖЬ;
27;5559;757;ЛОЖЬ;ЛОЖЬ;;;;ЛОЖЬ;ЛОЖЬ;ЛОЖЬ;
28;5563;757;ЛОЖЬ;ЛОЖЬ;;;;ЛОЖЬ;ЛОЖЬ;ЛОЖЬ;
45;5751;757;ЛОЖЬ;ЛОЖЬ;;;;ЛОЖЬ;ЛОЖЬ;ЛОЖЬ;2 
48;5757;757;ЛОЖЬ;ЛОЖЬ;;;;ЛОЖЬ;ЛОЖЬ;ЛОЖЬ;8 
64;5554;757;ЛОЖЬ;ЛОЖЬ;;;;ЛОЖЬ;ЛОЖЬ;ЛОЖЬ;
84;5810;757;ЛОЖЬ;ЛОЖЬ;;;;ЛОЖЬ;ЛОЖЬ;ЛОЖЬ;
101;5557;757;ЛОЖЬ;ЛОЖЬ;;;;ЛОЖЬ;ЛОЖЬ;ЛОЖЬ;
107;5812;757;ЛОЖЬ;ЛОЖЬ;;;;ЛОЖЬ;ЛОЖЬ;ЛОЖЬ;5 
111;5777;757;ЛОЖЬ;ЛОЖЬ;;;;ЛОЖЬ;ЛОЖЬ;ЛОЖЬ;4 
112;5755;757;ЛОЖЬ;ЛОЖЬ;;;;ЛОЖЬ;ЛОЖЬ;ЛОЖЬ;4 
115;5788;757;ЛОЖЬ;ЛОЖЬ;;;;ЛОЖЬ;ЛОЖЬ;ЛОЖЬ;4 
116;5765;757;ЛОЖЬ;ЛОЖЬ;;;;ЛОЖЬ;ЛОЖЬ;ЛОЖЬ;5 
121;5770;757;ЛОЖЬ;ЛОЖЬ;;;;ЛОЖЬ;ЛОЖЬ;ЛОЖЬ;3 
122;5748;757;ЛОЖЬ;ЛОЖЬ;;;;ЛОЖЬ;ЛОЖЬ;ЛОЖЬ;4 
123;5797;757;ЛОЖЬ;ЛОЖЬ;;;;ЛОЖЬ;ЛОЖЬ;ЛОЖЬ;4 
127;5824;757;ЛОЖЬ;ЛОЖЬ;;;;ЛОЖЬ;ЛОЖЬ;ЛОЖЬ;
129;5794;757;ЛОЖЬ;ЛОЖЬ;;;;ЛОЖЬ;ЛОЖЬ;ЛОЖЬ;7 
134;5804;757;ЛОЖЬ;ЛОЖЬ;;;;ЛОЖЬ;ЛОЖЬ;ЛОЖЬ;4 
202;5780;757;ЛОЖЬ;ЛОЖЬ;;;;ЛОЖЬ;ЛОЖЬ;ЛОЖЬ;4 
203;5760;757;ЛОЖЬ;ЛОЖЬ;;5 ;5 ;ЛОЖЬ;ЛОЖЬ;ЛОЖЬ;
213;5807;757;ЛОЖЬ;ЛОЖЬ;;;;ЛОЖЬ;ЛОЖЬ;ЛОЖЬ;
221;5566;757;ЛОЖЬ;ЛОЖЬ;;;;ЛОЖЬ;ЛОЖЬ;ЛОЖЬ;
238;5758;757;ЛОЖЬ;ЛОЖЬ;;;;ЛОЖЬ;ЛОЖЬ;ЛОЖЬ;4 
240;5749;757;ЛОЖЬ;ЛОЖЬ;;;;ЛОЖЬ;ЛОЖЬ;ЛОЖЬ;5 
241;5791;757;ЛОЖЬ;ЛОЖЬ;;;;ЛОЖЬ;ЛОЖЬ;ЛОЖЬ;4 
255;5787;757;ЛОЖЬ;ЛОЖЬ;;;;ЛОЖЬ;ЛОЖЬ;ЛОЖЬ;5 
264;5764;757;ЛОЖЬ;ЛОЖЬ;;;;ЛОЖЬ;ЛОЖЬ;ЛОЖЬ;4 
270;5806;757;ЛОЖЬ;ЛОЖЬ;;;;ЛОЖЬ;ЛОЖЬ;ЛОЖЬ;3 
279;5747;757;ЛОЖЬ;ЛОЖЬ;;;;ЛОЖЬ;ЛОЖЬ;ЛОЖЬ;
289;5773;757;ЛОЖЬ;ЛОЖЬ;;;;ЛОЖЬ;ЛОЖЬ;ЛОЖЬ;5 
300;5799;757;ЛОЖЬ;ЛОЖЬ;;;;ЛОЖЬ;ЛОЖЬ;ЛОЖЬ;5 
303;5776;757;ЛОЖЬ;ЛОЖЬ;;;;ЛОЖЬ;ЛОЖЬ;ЛОЖЬ;4 
304;5752;757;ЛОЖЬ;ЛОЖЬ;;;;ЛОЖЬ;ЛОЖЬ;ЛОЖЬ;3 
305;5569;757;ЛОЖЬ;ЛОЖЬ;;;;ЛОЖЬ;ЛОЖЬ;ЛОЖЬ;
307;5767;757;ЛОЖЬ;ЛОЖЬ;;;;ЛОЖЬ;ЛОЖЬ;ЛОЖЬ;4 
309;5568;757;ЛОЖЬ;ЛОЖЬ;;;;ЛОЖЬ;ЛОЖЬ;ЛОЖЬ;
318;5784;757;ЛОЖЬ;ЛОЖЬ;;;;ЛОЖЬ;ЛОЖЬ;ЛОЖЬ;4 
319;5768;757;ЛОЖЬ;ЛОЖЬ;;;;ЛОЖЬ;ЛОЖЬ;ЛОЖЬ;5 
322;5800;757;ЛОЖЬ;ЛОЖЬ;;;;ЛОЖЬ;ЛОЖЬ;ЛОЖЬ;5 
325;5774;757;ЛОЖЬ;ЛОЖЬ;;;;ЛОЖЬ;ЛОЖЬ;ЛОЖЬ;5 
329;5796;757;ЛОЖЬ;ЛОЖЬ;;;;ЛОЖЬ;ЛОЖЬ;ЛОЖЬ;5 
332;5771;757;ЛОЖЬ;ЛОЖЬ;;;;ЛОЖЬ;ЛОЖЬ;ЛОЖЬ;4 
335;5813;757;ЛОЖЬ;ЛОЖЬ;;;;ЛОЖЬ;ЛОЖЬ;ЛОЖЬ;
340;5754;757;ЛОЖЬ;ЛОЖЬ;;;;ЛОЖЬ;ЛОЖЬ;ЛОЖЬ;6 
345;5779;757;ЛОЖЬ;ЛОЖЬ;;;;ЛОЖЬ;ЛОЖЬ;ЛОЖЬ;7 
346;5783;757;ЛОЖЬ;ЛОЖЬ;;;;ЛОЖЬ;ЛОЖЬ;ЛОЖЬ;5 
357;5790;757;ЛОЖЬ;ЛОЖЬ;;;;ЛОЖЬ;ЛОЖЬ;ЛОЖЬ;5 
373;5822;757;ЛОЖЬ;ЛОЖЬ;;;;ЛОЖЬ;ЛОЖЬ;ЛОЖЬ;
375;5803;757;ЛОЖЬ;ЛОЖЬ;;;;ЛОЖЬ;ЛОЖЬ;ЛОЖЬ;5 
381;5815;757;ЛОЖЬ;ЛОЖЬ;;;;ЛОЖЬ;ЛОЖЬ;ЛОЖЬ;
383;5818;757;ЛОЖЬ;ЛОЖЬ;;;;ЛОЖЬ;ЛОЖЬ;ЛОЖЬ;
385;5786;757;ЛОЖЬ;ЛОЖЬ;;;;ЛОЖЬ;ЛОЖЬ;ЛОЖЬ;4 
396;5782;757;ЛОЖЬ;ЛОЖЬ;;;;ЛОЖЬ;ЛОЖЬ;ЛОЖЬ;4 
411;5802;757;ЛОЖЬ;ЛОЖЬ;;;;ЛОЖЬ;ЛОЖЬ;ЛОЖЬ;6 
412;5762;757;ЛОЖЬ;ЛОЖЬ;;;;ЛОЖЬ;ЛОЖЬ;ЛОЖЬ;5 
419;5761;757;ЛОЖЬ;ЛОЖЬ;;;;ЛОЖЬ;ЛОЖЬ;ЛОЖЬ;7 
435;5793;757;ЛОЖЬ;ЛОЖЬ;;;;ЛОЖЬ;ЛОЖЬ;ЛОЖЬ;5 
437;5816;757;ЛОЖЬ;ЛОЖЬ;;;;ЛОЖЬ;ЛОЖЬ;ЛОЖЬ;
438;5819;757;ЛОЖЬ;ЛОЖЬ;;;;ЛОЖЬ;ЛОЖЬ;ЛОЖЬ;
466;5550;757;ЛОЖЬ;ЛОЖЬ;;;;ЛОЖЬ;ЛОЖЬ;ЛОЖЬ;
483;5809;757;ЛОЖЬ;ЛОЖЬ;;;;ЛОЖЬ;ЛОЖЬ;ЛОЖЬ;
509;5565;757;ЛОЖЬ;ЛОЖЬ;;;;ЛОЖЬ;ЛОЖЬ;ЛОЖЬ;
534;5552;757;ЛОЖЬ;ЛОЖЬ;;;;ЛОЖЬ;ЛОЖЬ;ЛОЖЬ;
535;5560;757;ЛОЖЬ;ЛОЖЬ;;;;ЛОЖЬ;ЛОЖЬ;ЛОЖЬ;
536;5821;757;ЛОЖЬ;ЛОЖЬ;;;;ЛОЖЬ;ЛОЖЬ;ЛОЖЬ;
571;5556;757;ЛОЖЬ;ЛОЖЬ;;;;ЛОЖЬ;ЛОЖЬ;ЛОЖЬ;
92;5571;758;ЛОЖЬ;ЛОЖЬ;1 ;;;ЛОЖЬ;ЛОЖЬ;ЛОЖЬ;
6;5572;758;ЛОЖЬ;ЛОЖЬ;2 ;;;ЛОЖЬ;ЛОЖЬ;ЛОЖЬ;
67;5573;758;ЛОЖЬ;ЛОЖЬ;3 ;;;ЛОЖЬ;ЛОЖЬ;ЛОЖЬ;
5;5574;758;ЛОЖЬ;ЛОЖЬ;4 ;;;ЛОЖЬ;ЛОЖЬ;ЛОЖЬ;
69;5611;758;ЛОЖЬ;ЛОЖЬ;5 ;;;ЛОЖЬ;ЛОЖЬ;ЛОЖЬ;
91;5619;758;ЛОЖЬ;ЛОЖЬ;6 ;;;ЛОЖЬ;ЛОЖЬ;ЛОЖЬ;
4;5652;758;ЛОЖЬ;ЛОЖЬ;7 ;;;ЛОЖЬ;ЛОЖЬ;ЛОЖЬ;
3;5653;758;ЛОЖЬ;ЛОЖЬ;8 ;;;ЛОЖЬ;ЛОЖЬ;ЛОЖЬ;
53;5654;758;ЛОЖЬ;ЛОЖЬ;9 ;;;ЛОЖЬ;ЛОЖЬ;ЛОЖЬ;
162;5678;758;ЛОЖЬ;ЛОЖЬ;10 ;;;ЛОЖЬ;ЛОЖЬ;ЛОЖЬ;
161;5691;758;ЛОЖЬ;ЛОЖЬ;11 ;;;ЛОЖЬ;ЛОЖЬ;ЛОЖЬ;
167;5692;758;ЛОЖЬ;ЛОЖЬ;12 ;;;ЛОЖЬ;ЛОЖЬ;ЛОЖЬ;
242;5825;758;ЛОЖЬ;ЛОЖЬ;13 ;;;ЛОЖЬ;ЛОЖЬ;ЛОЖЬ;
245;5826;758;ЛОЖЬ;ЛОЖЬ;14 ;;;ЛОЖЬ;ЛОЖЬ;ЛОЖЬ;
248;5827;758;ЛОЖЬ;ЛОЖЬ;15 ;;;ЛОЖЬ;ЛОЖЬ;ЛОЖЬ;
250;5828;758;ЛОЖЬ;ЛОЖЬ;16 ;;;ЛОЖЬ;ЛОЖЬ;ЛОЖЬ;
252;5829;758;ЛОЖЬ;ЛОЖЬ;17 ;;;ЛОЖЬ;ЛОЖЬ;ЛОЖЬ;
258;5830;758;ЛОЖЬ;ЛОЖЬ;18 ;;;ЛОЖЬ;ЛОЖЬ;ЛОЖЬ;
234;5831;758;ЛОЖЬ;ЛОЖЬ;19 ;;;ЛОЖЬ;ЛОЖЬ;ЛОЖЬ;
239;5832;758;ЛОЖЬ;ЛОЖЬ;20 ;;;ЛОЖЬ;ЛОЖЬ;ЛОЖЬ;
243;5833;758;ЛОЖЬ;ЛОЖЬ;21 ;;;ЛОЖЬ;ЛОЖЬ;ЛОЖЬ;
119;6030;758;ЛОЖЬ;ЛОЖЬ;22 ;;;ЛОЖЬ;ЛОЖЬ;ЛОЖЬ;
113;6031;758;ЛОЖЬ;ЛОЖЬ;23 ;;;ЛОЖЬ;ЛОЖЬ;ЛОЖЬ;
133;6032;758;ЛОЖЬ;ЛОЖЬ;24 ;;;ЛОЖЬ;ЛОЖЬ;ЛОЖЬ;
102;6033;758;ЛОЖЬ;ЛОЖЬ;25 ;;;ЛОЖЬ;ЛОЖЬ;ЛОЖЬ;
108;6034;758;ЛОЖЬ;ЛОЖЬ;26 ;;;ЛОЖЬ;ЛОЖЬ;ЛОЖЬ;
99;6035;758;ЛОЖЬ;ЛОЖЬ;27 ;;;ЛОЖЬ;ЛОЖЬ;ЛОЖЬ;
98;6036;758;ЛОЖЬ;ЛОЖЬ;28 ;;;ЛОЖЬ;ЛОЖЬ;ЛОЖЬ;
198;6037;758;ЛОЖЬ;ЛОЖЬ;29 ;;;ЛОЖЬ;ЛОЖЬ;ЛОЖЬ;
17;6038;758;ЛОЖЬ;ЛОЖЬ;30 ;;;ЛОЖЬ;ЛОЖЬ;ЛОЖЬ;
21;6039;758;ЛОЖЬ;ЛОЖЬ;31 ;;;ЛОЖЬ;ЛОЖЬ;ЛОЖЬ;
29;6040;758;ЛОЖЬ;ЛОЖЬ;32 ;;;ЛОЖЬ;ЛОЖЬ;ЛОЖЬ;
12;6041;758;ЛОЖЬ;ЛОЖЬ;33 ;;;ЛОЖЬ;ЛОЖЬ;ЛОЖЬ;
25;6042;758;ЛОЖЬ;ЛОЖЬ;34 ;;;ЛОЖЬ;ЛОЖЬ;ЛОЖЬ;
32;6043;758;ЛОЖЬ;ЛОЖЬ;35 ;;;ЛОЖЬ;ЛОЖЬ;ЛОЖЬ;
60;6044;758;ЛОЖЬ;ЛОЖЬ;36 ;;;ЛОЖЬ;ЛОЖЬ;ЛОЖЬ;
114;6045;758;ЛОЖЬ;ЛОЖЬ;37 ;;;ЛОЖЬ;ЛОЖЬ;ЛОЖЬ;
117;6046;758;ЛОЖЬ;ЛОЖЬ;38 ;;;ЛОЖЬ;ЛОЖЬ;ЛОЖЬ;
169;6047;758;ЛОЖЬ;ЛОЖЬ;39 ;;;ЛОЖЬ;ЛОЖЬ;ЛОЖЬ;
173;6048;758;ЛОЖЬ;ЛОЖЬ;40 ;;;ЛОЖЬ;ЛОЖЬ;ЛОЖЬ;
174;6049;758;ЛОЖЬ;ЛОЖЬ;41 ;;;ЛОЖЬ;ЛОЖЬ;ЛОЖЬ;
160;6050;758;ЛОЖЬ;ЛОЖЬ;42 ;;;ЛОЖЬ;ЛОЖЬ;ЛОЖЬ;
163;6051;758;ЛОЖЬ;ЛОЖЬ;43 ;;;ЛОЖЬ;ЛОЖЬ;ЛОЖЬ;
164;6052;758;ЛОЖЬ;ЛОЖЬ;44 ;;;ЛОЖЬ;ЛОЖЬ;ЛОЖЬ;
168;6053;758;ЛОЖЬ;ЛОЖЬ;45 ;;;ЛОЖЬ;ЛОЖЬ;ЛОЖЬ;
187;6054;758;ЛОЖЬ;ЛОЖЬ;46 ;;;ЛОЖЬ;ЛОЖЬ;ЛОЖЬ;
189;6055;758;ЛОЖЬ;ЛОЖЬ;47 ;;;ЛОЖЬ;ЛОЖЬ;ЛОЖЬ;
170;6056;758;ЛОЖЬ;ЛОЖЬ;48 ;;;ЛОЖЬ;ЛОЖЬ;ЛОЖЬ;
175;6057;758;ЛОЖЬ;ЛОЖЬ;49 ;;;ЛОЖЬ;ЛОЖЬ;ЛОЖЬ;
178;6058;758;ЛОЖЬ;ЛОЖЬ;50 ;;;ЛОЖЬ;ЛОЖЬ;ЛОЖЬ;
181;6059;758;ЛОЖЬ;ЛОЖЬ;51 ;;;ЛОЖЬ;ЛОЖЬ;ЛОЖЬ;
148;6092;758;ЛОЖЬ;ЛОЖЬ;52 ;;;ЛОЖЬ;ЛОЖЬ;ЛОЖЬ;
152;6093;758;ЛОЖЬ;ЛОЖЬ;53 ;;;ЛОЖЬ;ЛОЖЬ;ЛОЖЬ;
154;6094;758;ЛОЖЬ;ЛОЖЬ;54 ;;;ЛОЖЬ;ЛОЖЬ;ЛОЖЬ;
156;6095;758;ЛОЖЬ;ЛОЖЬ;55 ;;;ЛОЖЬ;ЛОЖЬ;ЛОЖЬ;
136;6096;758;ЛОЖЬ;ЛОЖЬ;56 ;;;ЛОЖЬ;ЛОЖЬ;ЛОЖЬ;
31;6097;758;ЛОЖЬ;ЛОЖЬ;57 ;;;ЛОЖЬ;ЛОЖЬ;ЛОЖЬ;
35;6098;758;ЛОЖЬ;ЛОЖЬ;58 ;;;ЛОЖЬ;ЛОЖЬ;ЛОЖЬ;
83;6099;758;ЛОЖЬ;ЛОЖЬ;59 ;;;ЛОЖЬ;ЛОЖЬ;ЛОЖЬ;
82;6100;758;ЛОЖЬ;ЛОЖЬ;60 ;;;ЛОЖЬ;ЛОЖЬ;ЛОЖЬ;
88;6101;758;ЛОЖЬ;ЛОЖЬ;61 ;;;ЛОЖЬ;ЛОЖЬ;ЛОЖЬ;
86;6102;758;ЛОЖЬ;ЛОЖЬ;62 ;;;ЛОЖЬ;ЛОЖЬ;ЛОЖЬ;
205;6103;758;ЛОЖЬ;ЛОЖЬ;63 ;;;ЛОЖЬ;ЛОЖЬ;ЛОЖЬ;
229;6104;758;ЛОЖЬ;ЛОЖЬ;64 ;;;ЛОЖЬ;ЛОЖЬ;ЛОЖЬ;
230;6105;758;ЛОЖЬ;ЛОЖЬ;65 ;;;ЛОЖЬ;ЛОЖЬ;ЛОЖЬ;
231;6106;758;ЛОЖЬ;ЛОЖЬ;66 ;;;ЛОЖЬ;ЛОЖЬ;ЛОЖЬ;
232;6107;758;ЛОЖЬ;ЛОЖЬ;67 ;;;ЛОЖЬ;ЛОЖЬ;ЛОЖЬ;
233;6108;758;ЛОЖЬ;ЛОЖЬ;68 ;;;ЛОЖЬ;ЛОЖЬ;ЛОЖЬ;
256;6109;758;ЛОЖЬ;ЛОЖЬ;69 ;;;ЛОЖЬ;ЛОЖЬ;ЛОЖЬ;
271;6110;758;ЛОЖЬ;ЛОЖЬ;70 ;;;ЛОЖЬ;ЛОЖЬ;ЛОЖЬ;
237;6142;758;ЛОЖЬ;ЛОЖЬ;71 ;;;ЛОЖЬ;ЛОЖЬ;ЛОЖЬ;
249;6143;758;ЛОЖЬ;ЛОЖЬ;72 ;;;ЛОЖЬ;ЛОЖЬ;ЛОЖЬ;
251;6144;758;ЛОЖЬ;ЛОЖЬ;73 ;;;ЛОЖЬ;ЛОЖЬ;ЛОЖЬ;
301;6145;758;ЛОЖЬ;ЛОЖЬ;74 ;;;ЛОЖЬ;ЛОЖЬ;ЛОЖЬ;
302;6146;758;ЛОЖЬ;ЛОЖЬ;75 ;;;ЛОЖЬ;ЛОЖЬ;ЛОЖЬ;
274;6179;758;ЛОЖЬ;ЛОЖЬ;76 ;;;ЛОЖЬ;ЛОЖЬ;ЛОЖЬ;
24;6180;758;ЛОЖЬ;ЛОЖЬ;77 ;;;ЛОЖЬ;ЛОЖЬ;ЛОЖЬ;
36;6181;758;ЛОЖЬ;ЛОЖЬ;78 ;;;ЛОЖЬ;ЛОЖЬ;ЛОЖЬ;
39;6182;758;ЛОЖЬ;ЛОЖЬ;79 ;;;ЛОЖЬ;ЛОЖЬ;ЛОЖЬ;
40;6183;758;ЛОЖЬ;ЛОЖЬ;80 ;;;ЛОЖЬ;ЛОЖЬ;ЛОЖЬ;
58;5612;759;ЛОЖЬ;ЛОЖЬ;1 ;;;ЛОЖЬ;ЛОЖЬ;ЛОЖЬ;
61;5613;759;ЛОЖЬ;ЛОЖЬ;2 ;;;ЛОЖЬ;ЛОЖЬ;ЛОЖЬ;
66;5614;759;ЛОЖЬ;ЛОЖЬ;3 ;;;ЛОЖЬ;ЛОЖЬ;ЛОЖЬ;
59;5615;759;ЛОЖЬ;ЛОЖЬ;4 ;;;ЛОЖЬ;ЛОЖЬ;ЛОЖЬ;
62;5616;759;ЛОЖЬ;ЛОЖЬ;5 ;;;ЛОЖЬ;ЛОЖЬ;ЛОЖЬ;
70;5617;759;ЛОЖЬ;ЛОЖЬ;6 ;;;ЛОЖЬ;ЛОЖЬ;ЛОЖЬ;
68;5618;759;ЛОЖЬ;ЛОЖЬ;7 ;;;ЛОЖЬ;ЛОЖЬ;ЛОЖЬ;
314;5651;759;ЛОЖЬ;ЛОЖЬ;8 ;;;ЛОЖЬ;ЛОЖЬ;ЛОЖЬ;
166;5837;760;ЛОЖЬ;ИСТИНА;1 ;5 ;5 ;ЛОЖЬ;ЛОЖЬ;ЛОЖЬ;
451;5840;760;ЛОЖЬ;ИСТИНА;2 ;5 ;5 ;ЛОЖЬ;ЛОЖЬ;ЛОЖЬ;
442;5843;760;ЛОЖЬ;ИСТИНА;3 ;7 ;5 ;ЛОЖЬ;ЛОЖЬ;ЛОЖЬ;
165;5846;760;ЛОЖЬ;ИСТИНА;4 ;5 ;5 ;ЛОЖЬ;ЛОЖЬ;ЛОЖЬ;
562;5849;760;ЛОЖЬ;ИСТИНА;5 ;5 ;5 ;ЛОЖЬ;ЛОЖЬ;ЛОЖЬ;
171;5852;760;ЛОЖЬ;ЛОЖЬ;6 ;;;ЛОЖЬ;ЛОЖЬ;ЛОЖЬ;
512;5855;760;ЛОЖЬ;ЛОЖЬ;7 ;;;ЛОЖЬ;ЛОЖЬ;ЛОЖЬ;
420;5858;760;ЛОЖЬ;ЛОЖЬ;8 ;;;ЛОЖЬ;ЛОЖЬ;ЛОЖЬ;
337;5861;760;ЛОЖЬ;ЛОЖЬ;9 ;;;ЛОЖЬ;ЛОЖЬ;ЛОЖЬ;
355;5864;760;ЛОЖЬ;ЛОЖЬ;10 ;;;ЛОЖЬ;ЛОЖЬ;ЛОЖЬ;
473;5869;760;ЛОЖЬ;ЛОЖЬ;11 ;;;ЛОЖЬ;ЛОЖЬ;ЛОЖЬ;
450;5872;760;ЛОЖЬ;ЛОЖЬ;12 ;;;ЛОЖЬ;ЛОЖЬ;ЛОЖЬ;
496;5875;760;ЛОЖЬ;ЛОЖЬ;13 ;;;ЛОЖЬ;ЛОЖЬ;ЛОЖЬ;
481;5878;760;ЛОЖЬ;ЛОЖЬ;14 ;;;ЛОЖЬ;ЛОЖЬ;ЛОЖЬ;
489;5881;760;ЛОЖЬ;ЛОЖЬ;15 ;;;ЛОЖЬ;ЛОЖЬ;ЛОЖЬ;
575;5884;760;ЛОЖЬ;ЛОЖЬ;16 ;;;ЛОЖЬ;ЛОЖЬ;ЛОЖЬ;
519;5887;760;ЛОЖЬ;ЛОЖЬ;17 ;;;ЛОЖЬ;ЛОЖЬ;ЛОЖЬ;
549;5890;760;ЛОЖЬ;ЛОЖЬ;18 ;;;ЛОЖЬ;ЛОЖЬ;ЛОЖЬ;
372;5893;760;ЛОЖЬ;ЛОЖЬ;19 ;;;ЛОЖЬ;ЛОЖЬ;ЛОЖЬ;
358;5897;760;ЛОЖЬ;ЛОЖЬ;20 ;;;ЛОЖЬ;ЛОЖЬ;ЛОЖЬ;
365;5900;760;ЛОЖЬ;ЛОЖЬ;21 ;;;ЛОЖЬ;ЛОЖЬ;ЛОЖЬ;
448;5903;760;ЛОЖЬ;ЛОЖЬ;22 ;;;ЛОЖЬ;ЛОЖЬ;ЛОЖЬ;
366;5906;760;ЛОЖЬ;ЛОЖЬ;23 ;;;ЛОЖЬ;ЛОЖЬ;ЛОЖЬ;
449;5909;760;ЛОЖЬ;ЛОЖЬ;24 ;;;ЛОЖЬ;ЛОЖЬ;ЛОЖЬ;
179;5912;760;ЛОЖЬ;ЛОЖЬ;25 ;;;ЛОЖЬ;ЛОЖЬ;ЛОЖЬ;
120;5915;760;ЛОЖЬ;ЛОЖЬ;26 ;;;ЛОЖЬ;ЛОЖЬ;ЛОЖЬ;
142;5919;760;ЛОЖЬ;ЛОЖЬ;27 ;;;ЛОЖЬ;ЛОЖЬ;ЛОЖЬ;
56;5922;760;ЛОЖЬ;ЛОЖЬ;28 ;;;ЛОЖЬ;ЛОЖЬ;ЛОЖЬ;
90;5925;760;ЛОЖЬ;ЛОЖЬ;29 ;;;ЛОЖЬ;ЛОЖЬ;ЛОЖЬ;
182;5930;760;ЛОЖЬ;ЛОЖЬ;30 ;;;ЛОЖЬ;ЛОЖЬ;ЛОЖЬ;
8;5927;760;ЛОЖЬ;ЛОЖЬ;;;;ЛОЖЬ;ЛОЖЬ;ЛОЖЬ;
10;5916;760;ЛОЖЬ;ЛОЖЬ;;;;ЛОЖЬ;ЛОЖЬ;ЛОЖЬ;
11;5920;760;ЛОЖЬ;ЛОЖЬ;;;;ЛОЖЬ;ЛОЖЬ;ЛОЖЬ;
73;5924;760;ЛОЖЬ;ЛОЖЬ;;;;ЛОЖЬ;ЛОЖЬ;ЛОЖЬ;
75;5917;760;ЛОЖЬ;ЛОЖЬ;;;;ЛОЖЬ;ЛОЖЬ;ЛОЖЬ;
96;5918;760;ЛОЖЬ;ЛОЖЬ;;;;ЛОЖЬ;ЛОЖЬ;ЛОЖЬ;
216;5914;760;ЛОЖЬ;ЛОЖЬ;;;;ЛОЖЬ;ЛОЖЬ;ЛОЖЬ;
217;5913;760;ЛОЖЬ;ЛОЖЬ;;;;ЛОЖЬ;ЛОЖЬ;ЛОЖЬ;
219;5931;760;ЛОЖЬ;ЛОЖЬ;;;;ЛОЖЬ;ЛОЖЬ;ЛОЖЬ;
281;5850;760;ЛОЖЬ;ЛОЖЬ;;;;ЛОЖЬ;ЛОЖЬ;ЛОЖЬ;
295;5926;760;ЛОЖЬ;ЛОЖЬ;;;;ЛОЖЬ;ЛОЖЬ;ЛОЖЬ;
334;5835;760;ЛОЖЬ;ЛОЖЬ;;;;ЛОЖЬ;ЛОЖЬ;ЛОЖЬ;
341;5848;760;ЛОЖЬ;ЛОЖЬ;;;;ЛОЖЬ;ЛОЖЬ;ЛОЖЬ;
342;5847;760;ЛОЖЬ;ЛОЖЬ;;;;ЛОЖЬ;ЛОЖЬ;ЛОЖЬ;
344;5851;760;ЛОЖЬ;ЛОЖЬ;;;;ЛОЖЬ;ЛОЖЬ;ЛОЖЬ;
347;5865;760;ЛОЖЬ;ЛОЖЬ;;;;ЛОЖЬ;ЛОЖЬ;ЛОЖЬ;
349;5862;760;ЛОЖЬ;ЛОЖЬ;;;;ЛОЖЬ;ЛОЖЬ;ЛОЖЬ;
350;5866;760;ЛОЖЬ;ЛОЖЬ;;;;ЛОЖЬ;ЛОЖЬ;ЛОЖЬ;
351;5867;760;ЛОЖЬ;ЛОЖЬ;;;;ЛОЖЬ;ЛОЖЬ;ЛОЖЬ;
354;5863;760;ЛОЖЬ;ЛОЖЬ;;;;ЛОЖЬ;ЛОЖЬ;ЛОЖЬ;
368;5892;760;ЛОЖЬ;ЛОЖЬ;;;;ЛОЖЬ;ЛОЖЬ;ЛОЖЬ;
369;5891;760;ЛОЖЬ;ЛОЖЬ;;;;ЛОЖЬ;ЛОЖЬ;ЛОЖЬ;
370;5880;760;ЛОЖЬ;ЛОЖЬ;;;;ЛОЖЬ;ЛОЖЬ;ЛОЖЬ;
376;5921;760;ЛОЖЬ;ЛОЖЬ;;;;ЛОЖЬ;ЛОЖЬ;ЛОЖЬ;
380;5929;760;ЛОЖЬ;ЛОЖЬ;;;;ЛОЖЬ;ЛОЖЬ;ЛОЖЬ;
384;5904;760;ЛОЖЬ;ЛОЖЬ;;;;ЛОЖЬ;ЛОЖЬ;ЛОЖЬ;
386;5898;760;ЛОЖЬ;ЛОЖЬ;;;;ЛОЖЬ;ЛОЖЬ;ЛОЖЬ;
388;5842;760;ЛОЖЬ;ЛОЖЬ;;;;ЛОЖЬ;ЛОЖЬ;ЛОЖЬ;
399;5836;760;ЛОЖЬ;ЛОЖЬ;;;;ЛОЖЬ;ЛОЖЬ;ЛОЖЬ;
400;5834;760;ЛОЖЬ;ЛОЖЬ;;;;ЛОЖЬ;ЛОЖЬ;ЛОЖЬ;
405;5896;760;ЛОЖЬ;ЛОЖЬ;;;;ЛОЖЬ;ЛОЖЬ;ЛОЖЬ;
406;5844;760;ЛОЖЬ;ЛОЖЬ;;;;ЛОЖЬ;ЛОЖЬ;ЛОЖЬ;
415;5839;760;ЛОЖЬ;ЛОЖЬ;;;;ЛОЖЬ;ЛОЖЬ;ЛОЖЬ;
416;5838;760;ЛОЖЬ;ЛОЖЬ;;0 ;0 ;ЛОЖЬ;ЛОЖЬ;ЛОЖЬ;
417;5845;760;ЛОЖЬ;ЛОЖЬ;;;;ЛОЖЬ;ЛОЖЬ;ЛОЖЬ;
418;5841;760;ЛОЖЬ;ЛОЖЬ;;;;ЛОЖЬ;ЛОЖЬ;ЛОЖЬ;
421;5873;760;ЛОЖЬ;ЛОЖЬ;;;;ЛОЖЬ;ЛОЖЬ;ЛОЖЬ;
422;5883;760;ЛОЖЬ;ЛОЖЬ;;;;ЛОЖЬ;ЛОЖЬ;ЛОЖЬ;
423;5854;760;ЛОЖЬ;ЛОЖЬ;;;;ЛОЖЬ;ЛОЖЬ;ЛОЖЬ;
430;5886;760;ЛОЖЬ;ЛОЖЬ;;;;ЛОЖЬ;ЛОЖЬ;ЛОЖЬ;
443;5853;760;ЛОЖЬ;ЛОЖЬ;;;;ЛОЖЬ;ЛОЖЬ;ЛОЖЬ;
445;5874;760;ЛОЖЬ;ЛОЖЬ;;;;ЛОЖЬ;ЛОЖЬ;ЛОЖЬ;
446;5857;760;ЛОЖЬ;ЛОЖЬ;;;;ЛОЖЬ;ЛОЖЬ;ЛОЖЬ;
447;5885;760;ЛОЖЬ;ЛОЖЬ;;;;ЛОЖЬ;ЛОЖЬ;ЛОЖЬ;
463;5856;760;ЛОЖЬ;ЛОЖЬ;;;;ЛОЖЬ;ЛОЖЬ;ЛОЖЬ;
468;5859;760;ЛОЖЬ;ЛОЖЬ;;;;ЛОЖЬ;ЛОЖЬ;ЛОЖЬ;
472;5889;760;ЛОЖЬ;ЛОЖЬ;;;;ЛОЖЬ;ЛОЖЬ;ЛОЖЬ;
477;5923;760;ЛОЖЬ;ЛОЖЬ;;;;ЛОЖЬ;ЛОЖЬ;ЛОЖЬ;
478;5928;760;ЛОЖЬ;ЛОЖЬ;;;;ЛОЖЬ;ЛОЖЬ;ЛОЖЬ;
482;5911;760;ЛОЖЬ;ЛОЖЬ;;;;ЛОЖЬ;ЛОЖЬ;ЛОЖЬ;
486;5879;760;ЛОЖЬ;ЛОЖЬ;;;;ЛОЖЬ;ЛОЖЬ;ЛОЖЬ;
497;5894;760;ЛОЖЬ;ЛОЖЬ;;;;ЛОЖЬ;ЛОЖЬ;ЛОЖЬ;
499;5907;760;ЛОЖЬ;ЛОЖЬ;;;;ЛОЖЬ;ЛОЖЬ;ЛОЖЬ;
514;5868;760;ЛОЖЬ;ЛОЖЬ;;;;ЛОЖЬ;ЛОЖЬ;ЛОЖЬ;
515;5882;760;ЛОЖЬ;ЛОЖЬ;;;;ЛОЖЬ;ЛОЖЬ;ЛОЖЬ;
528;5877;760;ЛОЖЬ;ЛОЖЬ;;;;ЛОЖЬ;ЛОЖЬ;ЛОЖЬ;
530;5910;760;ЛОЖЬ;ЛОЖЬ;;;;ЛОЖЬ;ЛОЖЬ;ЛОЖЬ;
538;5899;760;ЛОЖЬ;ЛОЖЬ;;;;ЛОЖЬ;ЛОЖЬ;ЛОЖЬ;
539;5901;760;ЛОЖЬ;ЛОЖЬ;;;;ЛОЖЬ;ЛОЖЬ;ЛОЖЬ;
540;5902;760;ЛОЖЬ;ЛОЖЬ;;;;ЛОЖЬ;ЛОЖЬ;ЛОЖЬ;
542;5860;760;ЛОЖЬ;ЛОЖЬ;;;;ЛОЖЬ;ЛОЖЬ;ЛОЖЬ;
546;5871;760;ЛОЖЬ;ЛОЖЬ;;;;ЛОЖЬ;ЛОЖЬ;ЛОЖЬ;
552;5876;760;ЛОЖЬ;ЛОЖЬ;;;;ЛОЖЬ;ЛОЖЬ;ЛОЖЬ;
553;5895;760;ЛОЖЬ;ЛОЖЬ;;;;ЛОЖЬ;ЛОЖЬ;ЛОЖЬ;
554;5870;760;ЛОЖЬ;ЛОЖЬ;;;;ЛОЖЬ;ЛОЖЬ;ЛОЖЬ;
560;5905;760;ЛОЖЬ;ЛОЖЬ;;;;ЛОЖЬ;ЛОЖЬ;ЛОЖЬ;
561;5908;760;ЛОЖЬ;ЛОЖЬ;;;;ЛОЖЬ;ЛОЖЬ;ЛОЖЬ;
576;5888;760;ЛОЖЬ;ЛОЖЬ;;;;ЛОЖЬ;ЛОЖЬ;ЛОЖЬ;
460;5935;761;ЛОЖЬ;ИСТИНА;1 ;5 ;5 ;ЛОЖЬ;ЛОЖЬ;ЛОЖЬ;
257;5938;761;ЛОЖЬ;ИСТИНА;2 ;5 ;5 ;ЛОЖЬ;ЛОЖЬ;ЛОЖЬ;
558;5941;761;ЛОЖЬ;ИСТИНА;3 ;7 ;5 ;ЛОЖЬ;ЛОЖЬ;ЛОЖЬ;
524;5944;761;ЛОЖЬ;ИСТИНА;4 ;5 ;5 ;ЛОЖЬ;ЛОЖЬ;ЛОЖЬ;
23;5947;761;ЛОЖЬ;ИСТИНА;5 ;5 ;5 ;ЛОЖЬ;ЛОЖЬ;ЛОЖЬ;
282;5950;761;ЛОЖЬ;ЛОЖЬ;6 ;;;ЛОЖЬ;ЛОЖЬ;ЛОЖЬ;
465;5953;761;ЛОЖЬ;ЛОЖЬ;7 ;;;ЛОЖЬ;ЛОЖЬ;ЛОЖЬ;
541;5956;761;ЛОЖЬ;ЛОЖЬ;8 ;;;ЛОЖЬ;ЛОЖЬ;ЛОЖЬ;
34;5959;761;ЛОЖЬ;ЛОЖЬ;9 ;;;ЛОЖЬ;ЛОЖЬ;ЛОЖЬ;
339;5962;761;ЛОЖЬ;ЛОЖЬ;10 ;;;ЛОЖЬ;ЛОЖЬ;ЛОЖЬ;
352;5967;761;ЛОЖЬ;ЛОЖЬ;11 ;;;ЛОЖЬ;ЛОЖЬ;ЛОЖЬ;
360;5970;761;ЛОЖЬ;ЛОЖЬ;12 ;;;ЛОЖЬ;ЛОЖЬ;ЛОЖЬ;
361;5973;761;ЛОЖЬ;ЛОЖЬ;13 ;;;ЛОЖЬ;ЛОЖЬ;ЛОЖЬ;
492;5976;761;ЛОЖЬ;ЛОЖЬ;14 ;;;ЛОЖЬ;ЛОЖЬ;ЛОЖЬ;
26;5979;761;ЛОЖЬ;ЛОЖЬ;15 ;;;ЛОЖЬ;ЛОЖЬ;ЛОЖЬ;
570;5982;761;ЛОЖЬ;ЛОЖЬ;16 ;;;ЛОЖЬ;ЛОЖЬ;ЛОЖЬ;
30;5985;761;ЛОЖЬ;ЛОЖЬ;17 ;;;ЛОЖЬ;ЛОЖЬ;ЛОЖЬ;
520;5988;761;ЛОЖЬ;ЛОЖЬ;18 ;;;ЛОЖЬ;ЛОЖЬ;ЛОЖЬ;
432;5991;761;ЛОЖЬ;ЛОЖЬ;19 ;;;ЛОЖЬ;ЛОЖЬ;ЛОЖЬ;
474;5995;761;ЛОЖЬ;ЛОЖЬ;20 ;;;ЛОЖЬ;ЛОЖЬ;ЛОЖЬ;
475;5998;761;ЛОЖЬ;ЛОЖЬ;21 ;;;ЛОЖЬ;ЛОЖЬ;ЛОЖЬ;
235;6001;761;ЛОЖЬ;ЛОЖЬ;22 ;;;ЛОЖЬ;ЛОЖЬ;ЛОЖЬ;
532;6004;761;ЛОЖЬ;ЛОЖЬ;23 ;;;ЛОЖЬ;ЛОЖЬ;ЛОЖЬ;
425;6007;761;ЛОЖЬ;ЛОЖЬ;24 ;;;ЛОЖЬ;ЛОЖЬ;ЛОЖЬ;
428;6010;761;ЛОЖЬ;ЛОЖЬ;25 ;;;ЛОЖЬ;ЛОЖЬ;ЛОЖЬ;
503;6013;761;ЛОЖЬ;ЛОЖЬ;26 ;;;ЛОЖЬ;ЛОЖЬ;ЛОЖЬ;
458;6017;761;ЛОЖЬ;ЛОЖЬ;27 ;;;ЛОЖЬ;ЛОЖЬ;ЛОЖЬ;
476;6020;761;ЛОЖЬ;ЛОЖЬ;28 ;;;ЛОЖЬ;ЛОЖЬ;ЛОЖЬ;
459;6023;761;ЛОЖЬ;ЛОЖЬ;29 ;;;ЛОЖЬ;ЛОЖЬ;ЛОЖЬ;
55;6028;761;ЛОЖЬ;ЛОЖЬ;30 ;;;ЛОЖЬ;ЛОЖЬ;ЛОЖЬ;
1;5937;761;ЛОЖЬ;ЛОЖЬ;;;;ЛОЖЬ;ЛОЖЬ;ЛОЖЬ;
2;5940;761;ЛОЖЬ;ЛОЖЬ;;;;ЛОЖЬ;ЛОЖЬ;ЛОЖЬ;
9;6027;761;ЛОЖЬ;ЛОЖЬ;;;;ЛОЖЬ;ЛОЖЬ;ЛОЖЬ;
14;5980;761;ЛОЖЬ;ЛОЖЬ;;;;ЛОЖЬ;ЛОЖЬ;ЛОЖЬ;
15;5992;761;ЛОЖЬ;ЛОЖЬ;;;;ЛОЖЬ;ЛОЖЬ;ЛОЖЬ;
16;5999;761;ЛОЖЬ;ЛОЖЬ;;;;ЛОЖЬ;ЛОЖЬ;ЛОЖЬ;
20;5951;761;ЛОЖЬ;ЛОЖЬ;;;;ЛОЖЬ;ЛОЖЬ;ЛОЖЬ;
22;5943;761;ЛОЖЬ;ЛОЖЬ;;;;ЛОЖЬ;ЛОЖЬ;ЛОЖЬ;
37;5977;761;ЛОЖЬ;ЛОЖЬ;;;;ЛОЖЬ;ЛОЖЬ;ЛОЖЬ;
57;5948;761;ЛОЖЬ;ЛОЖЬ;;;;ЛОЖЬ;ЛОЖЬ;ЛОЖЬ;
77;5966;761;ЛОЖЬ;ЛОЖЬ;;;;ЛОЖЬ;ЛОЖЬ;ЛОЖЬ;
78;5972;761;ЛОЖЬ;ЛОЖЬ;;;;ЛОЖЬ;ЛОЖЬ;ЛОЖЬ;
93;6029;761;ЛОЖЬ;ЛОЖЬ;;;;ЛОЖЬ;ЛОЖЬ;ЛОЖЬ;
95;6022;761;ЛОЖЬ;ЛОЖЬ;;;;ЛОЖЬ;ЛОЖЬ;ЛОЖЬ;
106;5964;761;ЛОЖЬ;ЛОЖЬ;;;;ЛОЖЬ;ЛОЖЬ;ЛОЖЬ;
276;6026;761;ЛОЖЬ;ЛОЖЬ;;;;ЛОЖЬ;ЛОЖЬ;ЛОЖЬ;
316;5942;761;ЛОЖЬ;ЛОЖЬ;;;;ЛОЖЬ;ЛОЖЬ;ЛОЖЬ;
348;5963;761;ЛОЖЬ;ЛОЖЬ;;;;ЛОЖЬ;ЛОЖЬ;ЛОЖЬ;
382;6014;761;ЛОЖЬ;ЛОЖЬ;;;;ЛОЖЬ;ЛОЖЬ;ЛОЖЬ;
389;5971;761;ЛОЖЬ;ЛОЖЬ;;;;ЛОЖЬ;ЛОЖЬ;ЛОЖЬ;
391;6011;761;ЛОЖЬ;ЛОЖЬ;;;;ЛОЖЬ;ЛОЖЬ;ЛОЖЬ;
402;6005;761;ЛОЖЬ;ЛОЖЬ;;;;ЛОЖЬ;ЛОЖЬ;ЛОЖЬ;
403;6008;761;ЛОЖЬ;ЛОЖЬ;;;;ЛОЖЬ;ЛОЖЬ;ЛОЖЬ;
404;6009;761;ЛОЖЬ;ЛОЖЬ;;;;ЛОЖЬ;ЛОЖЬ;ЛОЖЬ;
408;5945;761;ЛОЖЬ;ЛОЖЬ;;;;ЛОЖЬ;ЛОЖЬ;ЛОЖЬ;
410;5965;761;ЛОЖЬ;ЛОЖЬ;;;;ЛОЖЬ;ЛОЖЬ;ЛОЖЬ;
413;5960;761;ЛОЖЬ;ЛОЖЬ;;;;ЛОЖЬ;ЛОЖЬ;ЛОЖЬ;
429;5989;761;ЛОЖЬ;ЛОЖЬ;;;;ЛОЖЬ;ЛОЖЬ;ЛОЖЬ;
431;5990;761;ЛОЖЬ;ЛОЖЬ;;;;ЛОЖЬ;ЛОЖЬ;ЛОЖЬ;
440;6006;761;ЛОЖЬ;ЛОЖЬ;;;;ЛОЖЬ;ЛОЖЬ;ЛОЖЬ;
441;5939;761;ЛОЖЬ;ЛОЖЬ;;;;ЛОЖЬ;ЛОЖЬ;ЛОЖЬ;
444;5994;761;ЛОЖЬ;ЛОЖЬ;;;;ЛОЖЬ;ЛОЖЬ;ЛОЖЬ;
452;6016;761;ЛОЖЬ;ЛОЖЬ;;;;ЛОЖЬ;ЛОЖЬ;ЛОЖЬ;
453;6019;761;ЛОЖЬ;ЛОЖЬ;;;;ЛОЖЬ;ЛОЖЬ;ЛОЖЬ;
454;6018;761;ЛОЖЬ;ЛОЖЬ;;;;ЛОЖЬ;ЛОЖЬ;ЛОЖЬ;
455;6021;761;ЛОЖЬ;ЛОЖЬ;;;;ЛОЖЬ;ЛОЖЬ;ЛОЖЬ;
456;6024;761;ЛОЖЬ;ЛОЖЬ;;;;ЛОЖЬ;ЛОЖЬ;ЛОЖЬ;
457;6025;761;ЛОЖЬ;ЛОЖЬ;;;;ЛОЖЬ;ЛОЖЬ;ЛОЖЬ;
461;5954;761;ЛОЖЬ;ЛОЖЬ;;;;ЛОЖЬ;ЛОЖЬ;ЛОЖЬ;
464;5958;761;ЛОЖЬ;ЛОЖЬ;;;;ЛОЖЬ;ЛОЖЬ;ЛОЖЬ;
469;5968;761;ЛОЖЬ;ЛОЖЬ;;;;ЛОЖЬ;ЛОЖЬ;ЛОЖЬ;
470;5986;761;ЛОЖЬ;ЛОЖЬ;;;;ЛОЖЬ;ЛОЖЬ;ЛОЖЬ;
485;5934;761;ЛОЖЬ;ЛОЖЬ;;;;ЛОЖЬ;ЛОЖЬ;ЛОЖЬ;
490;5984;761;ЛОЖЬ;ЛОЖЬ;;;;ЛОЖЬ;ЛОЖЬ;ЛОЖЬ;
491;5932;761;ЛОЖЬ;ЛОЖЬ;;;;ЛОЖЬ;ЛОЖЬ;ЛОЖЬ;
495;5957;761;ЛОЖЬ;ЛОЖЬ;;;;ЛОЖЬ;ЛОЖЬ;ЛОЖЬ;
498;5996;761;ЛОЖЬ;ЛОЖЬ;;;;ЛОЖЬ;ЛОЖЬ;ЛОЖЬ;
500;5974;761;ЛОЖЬ;ЛОЖЬ;;;;ЛОЖЬ;ЛОЖЬ;ЛОЖЬ;
502;5952;761;ЛОЖЬ;ЛОЖЬ;;;;ЛОЖЬ;ЛОЖЬ;ЛОЖЬ;
505;6012;761;ЛОЖЬ;ЛОЖЬ;;;;ЛОЖЬ;ЛОЖЬ;ЛОЖЬ;
506;6002;761;ЛОЖЬ;ЛОЖЬ;;;;ЛОЖЬ;ЛОЖЬ;ЛОЖЬ;
511;6015;761;ЛОЖЬ;ЛОЖЬ;;;;ЛОЖЬ;ЛОЖЬ;ЛОЖЬ;
516;5981;761;ЛОЖЬ;ЛОЖЬ;;;;ЛОЖЬ;ЛОЖЬ;ЛОЖЬ;
521;5969;761;ЛОЖЬ;ЛОЖЬ;;;;ЛОЖЬ;ЛОЖЬ;ЛОЖЬ;
522;5933;761;ЛОЖЬ;ЛОЖЬ;;;;ЛОЖЬ;ЛОЖЬ;ЛОЖЬ;
525;5975;761;ЛОЖЬ;ЛОЖЬ;;;;ЛОЖЬ;ЛОЖЬ;ЛОЖЬ;
531;6000;761;ЛОЖЬ;ЛОЖЬ;;;;ЛОЖЬ;ЛОЖЬ;ЛОЖЬ;
545;5961;761;ЛОЖЬ;ЛОЖЬ;;;;ЛОЖЬ;ЛОЖЬ;ЛОЖЬ;
547;5978;761;ЛОЖЬ;ЛОЖЬ;;;;ЛОЖЬ;ЛОЖЬ;ЛОЖЬ;
555;5936;761;ЛОЖЬ;ЛОЖЬ;;0 ;0 ;ЛОЖЬ;ЛОЖЬ;ЛОЖЬ;
556;5983;761;ЛОЖЬ;ЛОЖЬ;;;;ЛОЖЬ;ЛОЖЬ;ЛОЖЬ;
559;5946;761;ЛОЖЬ;ЛОЖЬ;;;;ЛОЖЬ;ЛОЖЬ;ЛОЖЬ;
564;5949;761;ЛОЖЬ;ЛОЖЬ;;;;ЛОЖЬ;ЛОЖЬ;ЛОЖЬ;
568;5955;761;ЛОЖЬ;ЛОЖЬ;;;;ЛОЖЬ;ЛОЖЬ;ЛОЖЬ;
569;5993;761;ЛОЖЬ;ЛОЖЬ;;;;ЛОЖЬ;ЛОЖЬ;ЛОЖЬ;
573;6003;761;ЛОЖЬ;ЛОЖЬ;;;;ЛОЖЬ;ЛОЖЬ;ЛОЖЬ;
574;5997;761;ЛОЖЬ;ЛОЖЬ;;;;ЛОЖЬ;ЛОЖЬ;ЛОЖЬ;
577;5987;761;ЛОЖЬ;ЛОЖЬ;;;;ЛОЖЬ;ЛОЖЬ;ЛОЖЬ;
